{"farPlane": 3536.6106428446674, "targetPosition": [144.72487449645996, 202.1038932800293, 103.08509039878845], "nearPlane": 87.13167348537635, "upVector": [0.550997, -0.821414, -0.147244], "eyePosition": [ 413.435, 519.46, -667.648]}